{
	"format_version": "1.8.0",
	"animations": {
		"animation.azelf.ground_idle": {
			"loop": true,
			"animation_length": 4,
			"bones": {
				"Body": {
					"position": [0, "math.sin(query.anim_time * 90) * 1", 0]
				},
				"Torso": {
					"rotation": [-6, 0, 0]
				},
				"Belly": {
					"rotation": [-6, 0, 0]
				},
				"Legs": {
					"rotation": [-10, 0, 0]
				},
				"Foot_Left": {
					"rotation": [-41, 0, 0],
					"position": [-0.2, -0.1, 0]
				},
				"Foot_Right": {
					"rotation": [-36, 0, 0],
					"position": [0.1, -0.2, 0]
				},
				"Arms": {
					"rotation": [-20, 0, 0],
					"position": [0, 0, -0.4]
				},
				"Arm_Left": {
					"rotation": [0, 0, 31],
					"position": [0, -0.3, 0]
				},
				"Lower_Left": {
					"rotation": {
						"0.0": [0, 0, 31],
						"0.375": [0, 0, 31],
						"1.625": [0, 0, 36],
						"2.25": [0, 0, 36],
						"4.0": [0, 0, 31]
					},
					"position": {
						"0.0": [-0.6, 0.3, 0.4],
						"0.375": [-0.6, 0.3, 0.4],
						"4.0": [-0.6, 0.3, 0.4]
					}
				},
				"Upper_Right": {
					"rotation": [0, 0, -25],
					"position": [0, -0.2, 0]
				},
				"Lower_Right": {
					"rotation": {
						"0.0": [0.16518, -0.02269, -38.0056],
						"0.375": [0.16518, -0.02269, -38.0056],
						"1.625": [0.16653, -0.00821, -43.00558],
						"2.25": [0.16653, -0.00821, -43.00558],
						"4.0": [0.16518, -0.02269, -38.0056]
					},
					"position": {
						"0.0": [0.8, 0.4, 0.4],
						"0.375": [0.8, 0.4, 0.4],
						"4.0": [0.8, 0.4, 0.4]
					}
				},
				"Upper_Left": {
					"rotation": {
						"0.0": [0, 0, -5],
						"0.75": [0, 0, 0],
						"1.4167": [0, 0, 0],
						"2.5": [0, 0, -5],
						"3.0833": [0, 0, -5],
						"4.0": [0, 0, -5]
					}
				},
				"Arm_Right": {
					"rotation": {
						"0.0": [0, 0, 2.5],
						"0.75": [0, 0, 0],
						"1.4167": [0, 0, 0],
						"2.5": [0, 0, 2.5],
						"3.0833": [0, 0, 2.5],
						"4.0": [0, 0, 2.5]
					}
				},
				"Tail_Left2": {
					"rotation": {
						"0.0": [10, 0, 0],
						"1.0": [0, 0, 0],
						"2.0": [-2.5, 0, 0],
						"3.0": [0, 0, 0],
						"4.0": [10, 0, 0]
					},
					"position": {
						"1.0": [0, 0, 0],
						"3.0": [0, 0, 0]
					}
				},
				"Tail_Left3": {
					"rotation": {
						"0.0": [7, 0, 0],
						"1.0": [0, 0, 0],
						"2.0": [-6, 0, 0],
						"3.0": [0, 0, 0],
						"4.0": [7, 0, 0]
					},
					"position": {
						"0.0": [0, 0, 0.5],
						"1.0": [0, 0, 0],
						"2.0": [0, 0, 0.3],
						"3.0": [0, 0, 0],
						"4.0": [0, 0, 0.5]
					}
				},
				"Tail_Left4": {
					"rotation": {
						"0.0": [8, 0, 0],
						"1.0": [0, 0, 0],
						"2.0": [-8, 0, 0],
						"3.0": [0, 0, 0],
						"4.0": [8, 0, 0]
					},
					"position": {
						"0.0": [0, -0.05, 0.5],
						"1.0": [0, 0, 0],
						"2.0": [0, 0.1, 0.3],
						"3.0": [0, 0, 0],
						"4.0": [0, -0.05, 0.5]
					}
				},
				"Tail_Right2": {
					"rotation": {
						"0.0": [-2, 0, 0],
						"1.0": [0, 0, 0],
						"2.0": [10, 0, 0],
						"3.0": [0, 0, 0],
						"4.0": [-2, 0, 0]
					},
					"position": {
						"1.0": [0, 0, 0],
						"3.0": [0, 0, 0]
					}
				},
				"Tail_Right3": {
					"rotation": {
						"0.0": [-7, 0, 0],
						"1.0": [0, 0, 0],
						"2.0": [9, 0, 0],
						"3.0": [0, 0, 0],
						"4.0": [-7, 0, 0]
					},
					"position": {
						"0.0": [0, 0, 0.4],
						"1.0": [0, 0, 0],
						"2.0": [0, 0, 0.4],
						"3.0": [0, 0, 0],
						"4.0": [0, 0, 0.4]
					}
				},
				"Tail_Right4": {
					"rotation": {
						"0.0": [-6, 0, 0],
						"1.0": [0, 0, 0],
						"2.0": [9, 0, 0],
						"3.0": [0, 0, 0],
						"4.0": [-6, 0, 0]
					},
					"position": {
						"0.0": [0, 0.1, 0.3],
						"1.0": [0, 0, 0],
						"2.0": [0, -0.1, 0.4],
						"3.0": [0, 0, 0],
						"4.0": [0, 0.1, 0.3]
					}
				}
			}
		},
		"animation.azelf.ground_walk": {
			"loop": true,
			"animation_length": 2.6667,
			"bones": {
				"Body": {
					"rotation": ["15+math.sin(query.anim_time*90*1.5-0)*4", "math.sin(query.anim_time*90*1.5-90)*4", 0],
					"position": ["math.sin(query.anim_time*90*1.5+90)*1", "math.sin(query.anim_time*90*1.5-0)*2", "math.sin(query.anim_time*90*1.5+90)*2"]
				},
				"Head": {
					"rotation": ["-5-math.sin(query.anim_time*90*1.5-20)*6", "0-math.sin(query.anim_time*90*1.5-110)*2", 0]
				},
				"ArmRight": {
					"rotation": [25.62051, "21.5158+math.sin(query.anim_time*90*1.5-20)*4", "-39.8041+math.sin(query.anim_time*90*1.5-20)*4"]
				},
				"ArmLeft": {
					"rotation": [24.76646, "-22.5802-math.sin(query.anim_time*90*1.5-20)*4", "42.2221-math.sin(query.anim_time*90*1.5-20)*4"]
				},
				"TailLeft": {
					"rotation": ["59.8473+math.sin(query.anim_time*90*1.5-220)*8", 7.15066, "-2.2681+math.cos(query.anim_time*90*1.5-130)*4-4"]
				},
				"TailLeft2": {
					"rotation": ["15+math.sin(query.anim_time*90*1.5-260)*12", 0, 0]
				},
				"TailLeft3": {
					"rotation": ["12.5+math.sin(query.anim_time*90*1.5-320)*16", 0, 0]
				},
				"TailRight": {
					"rotation": ["59.8627+math.sin(query.anim_time*90*1.5-40)*8", -7.1512, "2.2662-math.cos(query.anim_time*90*1.5-130)*4+4"]
				},
				"TailRight2": {
					"rotation": ["15+math.sin(query.anim_time*90*1.5-80)*12", 0, 0]
				},
				"TailRight3": {
					"rotation": ["12.5+math.sin(query.anim_time*90*1.5-140)*16", 0, 0]
				},
				"Arm_Left": {
					"rotation": [-10.28734, -9.46677, 27.16483],
					"position": [0.3, -0.4, 0.6]
				},
				"Upper_Left": {
					"rotation": {
						"0.0417": [0, 0, 0],
						"0.7083": [0, 0, -5],
						"1.5": [0, 0, -5],
						"2.125": [0, 0, 0]
					},
					"position": {
						"0.0417": [0, 0, 0],
						"0.7083": [0, 0.1, 0],
						"1.5": [0, 0.1, 0],
						"2.125": [0, 0, 0]
					}
				},
				"Lower_Left": {
					"rotation": {
						"0.0": [-0.65426, -4.95712, 7.52832],
						"0.75": [0, 0, 8],
						"1.4167": [0, 0, 0],
						"2.2083": [0, 0, 0],
						"2.6667": [-0.65426, -4.95712, 7.52832]
					},
					"position": {
						"0.0": [-0.2, 0, 0],
						"0.75": [-0.2, 0, 0],
						"1.4167": [0, 0, 0],
						"2.2083": [0, 0, 0],
						"2.6667": [-0.2, 0, 0]
					}
				},
				"Arm_Right": {
					"rotation": [-8.8037, 20.64878, -24.39125],
					"position": [0, -0.2, 0.5]
				},
				"Upper_Right": {
					"rotation": {
						"0.0417": [0, 0, 0],
						"0.6667": [0, 0, 6],
						"1.5": [0, 0, 6],
						"2.1667": [0, 0, 0]
					},
					"position": {
						"0.0417": [0, 0.1, 0],
						"0.6667": [0, 0.2, 0],
						"1.5": [0, 0.2, 0],
						"2.1667": [0, 0.1, 0]
					}
				},
				"Lower_Right": {
					"rotation": {
						"0.0": [0, 0, -8],
						"0.75": [0, 0, -8],
						"1.4167": [0, 0, 0],
						"2.25": [0, 0, 0],
						"2.6667": [0, 0, -8]
					},
					"position": {
						"0.0": [0.2, 0, 0],
						"0.75": [0.2, 0, 0],
						"1.4167": [0, 0, 0],
						"2.25": [0, 0, 0],
						"2.6667": [0.2, 0, 0]
					}
				},
				"Tail_Left2": {
					"rotation": {
						"0.0": [-11, 0, 0],
						"0.6667": [0, 0, 0],
						"1.3333": [12, 0, 0],
						"1.9583": [0, 0, 0],
						"2.6667": [-11, 0, 0]
					},
					"position": {
						"0.6667": [0, 0, 0],
						"1.9583": [0, 0, 0]
					}
				},
				"Tail_Left3": {
					"rotation": {
						"0.0": [-12.5, 0, 0],
						"0.6667": [0, 0, 0],
						"1.3333": [11, 0, 0],
						"1.9583": [0, 0, 0],
						"2.6667": [-12.5, 0, 0]
					},
					"position": {
						"0.0": [0, 0, 0.4],
						"0.6667": [0, 0, 0],
						"1.9583": [0, 0, 0],
						"2.6667": [0, 0, 0.4]
					}
				},
				"Tail_Left4": {
					"rotation": {
						"0.0": [-17, 0, 0],
						"0.6667": [0, 0, 0],
						"1.3333": [13, 0, 0],
						"1.9583": [0, 0, 0],
						"2.6667": [-17, 0, 0]
					},
					"position": {
						"0.0": [0, 0.2, 0.3],
						"0.6667": [0, 0, 0],
						"1.3333": [0, -0.1, 0.5],
						"1.9583": [0, 0, 0],
						"2.6667": [0, 0.2, 0.3]
					}
				},
				"Tail_Right2": {
					"rotation": {
						"0.0": [13, 0, 0],
						"0.6667": [0, 0, 0],
						"1.3333": [-16, 0, 0],
						"1.9583": [0, 0, 0],
						"2.6667": [13, 0, 0]
					},
					"position": {
						"0.6667": [0, 0, 0],